index,AQI
1.0,33
2.0,192
3.0,74
4.0,43
5.0,21
Lat,35.0841034
Lon,-106.650985
