index,AQI
1.0,59
2.0,169
3.0,83
4.0,48
5.0,4
Lat,33.7489924
Lon,-84.3902644
