index,AQI
1.0,95
2.0,193
3.0,62
4.0,10
5.0,3
Lat,30.2711286
Lon,-97.7436995
