index,AQI
1.0,43
2.0,143
3.0,104
4.0,66
5.0,7
Lat,39.2908816
Lon,-76.610759
