index,AQI
1.0,75
2.0,259
3.0,18
4.0,8
5.0,3
Lat,45.7874957
Lon,-108.49607
