index,AQI
1.0,48
2.0,155
3.0,60
4.0,67
5.0,33
Lat,42.3554334
Lon,-71.060511
