index,AQI
1.0,63
2.0,210
3.0,62
4.0,28
5.0,0
Lat,42.8867166
Lon,-78.8783922
