index,AQI
1.0,68
2.0,175
3.0,95
4.0,21
5.0,4
Lat,35.2272086
Lon,-80.8430827
