index,AQI
1.0,39
2.0,160
3.0,72
4.0,68
5.0,24
Lat,41.8755616
Lon,-87.6244212
