index,AQI
1.0,47
2.0,224
3.0,57
4.0,31
5.0,4
Lat,39.9622601
Lon,-83.0007065
