index,AQI
1.0,53
2.0,167
3.0,79
4.0,46
5.0,18
Lat,32.7762719
Lon,-96.7968559
