index,AQI
1.0,2
2.0,106
3.0,112
4.0,103
5.0,40
Lat,39.7392364
Lon,-104.984862
