index,AQI
1.0,41
2.0,178
3.0,81
4.0,54
5.0,9
Lat,42.3315509
Lon,-83.0466403
