index,AQI
1.0,13
2.0,69
3.0,85
4.0,102
5.0,94
Lat,31.7865623
Lon,-106.441207
