index,AQI
1.0,7
2.0,61
3.0,175
4.0,88
5.0,32
Lat,36.7295295
Lon,-119.70886126075588
