index,AQI
1.0,43
2.0,158
3.0,71
4.0,70
5.0,21
Lat,29.7589382
Lon,-95.3676974
