index,AQI
1.0,56
2.0,215
3.0,58
4.0,33
5.0,1
Lat,39.7683331
Lon,-86.1583502
