index,AQI
1.0,72
2.0,196
3.0,75
4.0,20
5.0,0
Lat,30.3321838
Lon,-81.655651
