index,AQI
1.0,15
2.0,115
3.0,44
4.0,96
5.0,93
Lat,40.7215682
Lon,-74.047455
