index,AQI
1.0,3
2.0,32
3.0,97
4.0,161
5.0,70
Lat,36.1672559
Lon,-115.148516
