index,AQI
1.0,0
2.0,15
3.0,31
4.0,84
5.0,233
Lat,34.0536909
Lon,-118.242766
