index,AQI
1.0,60
2.0,206
3.0,63
4.0,33
5.0,1
Lat,38.2542376
Lon,-85.759407
