index,AQI
1.0,56
2.0,195
3.0,86
4.0,23
5.0,3
Lat,35.1335022
Lon,-89.9668758
