index,AQI
1.0,84
2.0,216
3.0,37
4.0,23
5.0,3
Lat,25.7741728
Lon,-80.19362
