index,AQI
1.0,71
2.0,193
3.0,56
4.0,41
5.0,2
Lat,43.0349931
Lon,-87.922497
