index,AQI
1.0,61
2.0,207
3.0,32
4.0,49
5.0,14
Lat,44.9772995
Lon,-93.2654692
