index,AQI
1.0,75
2.0,191
3.0,77
4.0,20
5.0,0
Lat,36.1622767
Lon,-86.7742984
