index,AQI
1.0,74
2.0,174
3.0,78
4.0,36
5.0,1
Lat,29.9759983
Lon,-90.0782127
