index,AQI
1.0,36
2.0,134
3.0,59
4.0,87
5.0,47
Lat,40.735657
Lon,-74.1723667
