index,AQI
1.0,56
2.0,231
3.0,71
4.0,5
5.0,0
Lat,35.4729886
Lon,-97.5170536
