index,AQI
1.0,52
2.0,267
3.0,31
4.0,13
5.0,0
Lat,41.2587459
Lon,-95.9383758
