index,AQI
1.0,51
2.0,210
3.0,78
4.0,24
5.0,0
Lat,28.5421109
Lon,-81.3790304
