index,AQI
1.0,37
2.0,137
3.0,78
4.0,83
5.0,28
Lat,39.9527237
Lon,-75.1635262
