index,AQI
1.0,1
2.0,43
3.0,143
4.0,113
5.0,63
Lat,33.4484367
Lon,-112.074141
