index,AQI
1.0,57
2.0,202
3.0,63
4.0,36
5.0,5
Lat,40.4416941
Lon,-79.9900861
