index,AQI
1.0,63
2.0,170
3.0,51
4.0,61
5.0,18
Lat,45.5202471
Lon,-122.674194
