index,AQI
1.0,75
2.0,214
3.0,65
4.0,9
5.0,0
Lat,35.7803977
Lon,-78.6390989
