index,AQI
1.0,7
2.0,80
3.0,138
4.0,84
5.0,54
Lat,38.5810606
Lon,-121.493895
