index,AQI
1.0,13
2.0,163
3.0,88
4.0,47
5.0,52
Lat,40.7596198
Lon,-111.8867975
