index,AQI
1.0,45
2.0,200
3.0,23
4.0,35
5.0,60
Lat,37.7790262
Lon,-122.419906
