index,AQI
1.0,108
2.0,183
3.0,53
4.0,18
5.0,1
Lat,29.4246002
Lon,-98.4951405
