index,AQI
1.0,7
2.0,80
3.0,112
4.0,101
5.0,63
Lat,37.3361663
Lon,-121.890591
