index,AQI
1.0,13
2.0,147
3.0,53
4.0,65
5.0,85
Lat,32.7174202
Lon,-117.1627728
