index,AQI
1.0,59
2.0,184
3.0,41
4.0,75
5.0,4
Lat,47.6038321
Lon,-122.330062
