index,AQI
1.0,53
2.0,197
3.0,99
4.0,14
5.0,0
Lat,27.9477595
Lon,-82.458444
