index,AQI
1.0,8
2.0,122
3.0,129
4.0,83
5.0,21
Lat,32.2228765
Lon,-110.9748477
