index,AQI
1.0,65
2.0,231
3.0,63
4.0,4
5.0,0
Lat,36.1563122
Lon,-95.9927436
