index,AQI
1.0,56
2.0,263
3.0,37
4.0,7
5.0,0
Lat,37.6922361
Lon,-97.3375448
